{
    "train": {
        "accuracy": 100.32641057590627,
        "loss": 0.8204540527634451
    },
    "val": {
        "accuracy": 100.32223470088056,
        "loss": 0.6010969723663874
    },
    "ALWAYS WANTED": 100,
    "step": 100
}
